,Treg,Thelper,NK,CD8
0,2.344821526348169,2.0156794476985893,2.6670460999177,3.542358994375309
1,3.4945595536648595,3.5961739410224305,3.3809955233815847,3.2890974952011804
2,3.575491835157075,3.3196904932328035,3.549187918702896,3.6029606614400294
3,0.0,0.0,0.0,0.0
4,3.5545733626900646,4.282330148609509,1.2492412376777355,4.108890551116788
